id,name,createdAt
5B6BAE89-E26B-0719-5336-2D7CBFD9A399,Kelly Frost,2024-03-03 14:08:55
7108411A-E497-65CD-4C29-63D9C34C34F9,Amos Lowe,2024-01-30 06:22:17
2CAC54F8-C633-3F2A-26C6-D2B67B992A65,Zane Kline,2023-12-31 03:16:06
771F95B5-6DBF-2226-91DD-6CED993F47EE,Zephr Caldwell,2024-10-27 11:36:55
66D1D9F5-0A1A-17C4-E426-B96A67826E86,Adara Livingston,2023-08-24 06:29:36
33D2616B-63DE-6622-061D-92885B7CC896,Barry Phelps,2023-07-23 02:54:23
D2542461-80EE-8C15-D8BE-28C4676F1B94,Azalia Maldonado,2023-08-28 07:30:53
730DD7B2-61C1-9A63-292D-6C835052A7D8,Paloma Rivers,2024-12-03 00:56:45
79B53366-ADBD-2659-B06B-6502C0E58249,Laith Cole,2023-11-27 11:52:38
CCFA8821-C6B3-F0A3-DCB6-F3CF1CE44766,Noah Lindsey,2023-04-22 18:52:27
9B6AEA6A-DCAE-6EC9-4C7F-F25582BBC7A8,Freya Ford,2024-11-29 03:03:58
154880BA-A7D1-82A8-BCC2-52829AB57B4C,Hilel Walker,2023-06-18 02:39:15
2030B84F-B5EC-82F5-BCD1-35C9C96D5E95,Kibo Clay,2024-07-27 09:44:41
1C255DB7-5120-5444-20ED-B536E7A2C035,Deacon Vaughan,2024-03-08 08:40:06
D8346EA6-37D6-9ADD-7AE5-3865E3E25B1C,Myra Rodgers,2024-01-02 13:09:56
FCAB6337-D220-39C0-252C-6111E47AACA6,Nina Vaughn,2024-11-28 11:56:09
7C9A3D6F-B69D-7589-A01F-E47C6B5CF20D,Rosalyn Lott,2024-06-05 10:46:55
88232A9F-71B6-7975-E953-E97F8D24965B,Yardley Bruce,2025-02-13 18:28:20
168C71A5-643E-6618-4567-14251F18172D,Nicole Donaldson,2024-08-07 13:16:20
3B67F6CA-C78D-4F07-7A4B-C8173CF833F7,Yeo Dodson,2024-05-30 20:50:29
61C8AD2C-557F-7350-02CE-8F8986C72BE4,Knox Bradshaw,2024-01-28 07:14:04
BAFC5BE9-859A-1095-47CB-52E96C67EE87,Curran Petty,2025-01-11 16:14:24
4E685D92-9691-275F-8219-D4553AE2CCA3,Shaine Sheppard,2024-03-04 10:30:03
1CA28C7E-705D-3EC3-84C3-E41C2BDB145D,Zorita Langley,2023-05-26 11:10:26
90CF8431-C832-B4F7-EC88-C67592658455,Sean Hutchinson,2024-10-28 11:49:22
B7CEC0D3-FD24-27C4-3E61-7D0B58C1989F,Kevyn Woodward,2023-08-01 00:46:57
82661671-5964-A7C0-0AA7-12DB3F3DEBB7,Stewart Jones,2024-09-01 08:32:02
1CC124E9-BB56-A7EB-0525-E9DB003C9DD2,Eaton Bridges,2025-03-28 06:36:21
56D9689E-8B43-292B-6CC3-A3B62728FD3C,Hall Bernard,2023-07-17 02:12:19
35AF262B-8F6E-DBBC-30EB-D5E20E38181C,Susan Foster,2023-04-27 14:12:20
39987D49-E476-3EB9-0042-BD86FB6207B4,Jaquelyn Saunders,2023-06-09 15:53:19
1C43CFBC-5ABE-5C2B-7C82-FBE89577791A,Porter Gilmore,2024-10-05 03:28:57
32F76A51-24B6-7A73-E389-5B943AA6ACA2,Mollie Bishop,2024-07-07 20:56:36
48F9C4E2-0439-8834-676F-99B8859C3DC8,Steven Wall,2023-07-20 17:25:53
2A712D7B-D4A1-E38B-E346-602EAA335B3F,Brielle Maddox,2023-04-18 11:52:50
D04516BA-7D62-24FC-52D3-96406589543D,Geraldine Thomas,2025-01-30 17:13:06
20FE3409-C622-1D46-29C0-7F52C77458C3,Celeste Blevins,2023-04-08 08:07:33
E9746F4F-3443-DF3A-1B29-51C8ED1B3967,Adele Lindsey,2023-12-23 06:43:14
776D1441-E712-BB78-5CB6-B2A5C2A484E6,Petra Perkins,2023-07-19 19:44:08
C7950FD3-AA9E-6E84-9A9B-4139AF81E7B2,Abra Kirkland,2024-02-14 11:10:58
34DD30AC-BB4A-3D83-464E-91558EBCB4AC,Joshua Donovan,2024-09-19 07:34:43
C7B7956B-10A9-3F05-C1CB-8FFC2C1B6EF2,Dante Cooper,2024-10-31 07:48:55
1D2D3520-3E5C-3BE2-9897-B9431D281268,Norman Cantu,2024-05-17 11:44:45
44D09CD2-9262-7EC6-8206-9E7C08ADEA5C,Alice Bradford,2024-12-02 09:58:23
06332233-3B15-BA05-6E6A-58CDD83E7651,Ryan Colon,2024-08-14 08:55:08
43553047-372D-3A43-B5E2-280268A775B1,Murphy Craig,2023-08-21 13:08:25
1E1D11D5-A035-FB1F-DB2D-44B23B59B7F5,Jerry Fernandez,2024-07-31 20:06:26
DD3D1AA5-065B-507E-716A-7B53CDD9B5C7,Tana Erickson,2024-02-09 16:57:15
AB2F6DCF-5315-7BB3-C490-B77DDC9EE58C,Lionel Gray,2024-07-08 12:25:33
DFBE48B1-AB4E-2D3D-3F4F-9B4D7E978A92,Marsden Serrano,2024-05-18 03:33:27
17C06733-0787-A78C-5141-EF7B38A61C82,Rose Conrad,2024-11-20 17:33:13
AA3ADB19-1DED-7D83-B51C-7A5E188C512C,Hamilton Knox,2024-08-26 06:33:33
84B14B2E-42C8-BD30-7DB9-B5B51DC8136A,Barry Nielsen,2024-09-16 18:51:54
A02D3261-84D3-995C-3B2E-2A10309EB289,Ramona Leon,2023-05-29 06:34:53
75E55F59-3B0C-AE51-E8F5-6723C73963F6,Gage Marsh,2024-07-21 03:22:04
2445F596-B3CC-BEB9-7E1C-2EAD72B4A937,Aquila Osborne,2023-11-21 03:10:25
5138A0DB-C68B-4A37-1BB6-B6B3A592301C,Jesse Benjamin,2025-03-15 12:02:48
2B71CD77-5796-159E-DC23-3D6EA4504854,Channing Carney,2023-07-31 22:33:00
E8898A6D-CA4B-2694-F1E7-B356A1F12E48,Odessa Douglas,2023-11-02 11:08:05
28DDB60B-38F8-6A9A-8E31-5121B769C031,Dominique Dickson,2024-09-29 18:08:53
17188479-AADF-01EB-CEBD-2C7E731CC156,Yoshio Whitehead,2023-06-18 08:34:15
8E2F5C87-68CF-C4E5-AD7C-8716EE39A855,Alana Mccarty,2025-03-31 08:27:05
A617E3A5-A8EA-587D-6283-F86ED746A793,Reed Nieves,2023-09-06 23:12:31
5C0D2892-D391-6864-5454-3C512438B481,Len Bowen,2023-06-24 03:09:58
E24D1169-5677-3AC6-91CA-B99133D17A33,Ivan Cash,2024-11-30 07:07:51
83C5B430-2A15-1DD6-CBD7-9D4F47DB5A22,Merritt Salinas,2023-11-02 12:37:44
338782B5-328E-EEEC-EDDF-D177CC98D30B,Tamekah Fletcher,2023-11-20 15:00:12
CCF1797F-668B-42B9-95EE-B01C1E507A8B,Cecilia Sanders,2024-10-22 01:04:02
E499908B-570D-0BEA-D3F5-16336B755DDE,Brooke Patel,2024-11-30 19:41:36
B5CB0BC0-2D9A-E467-122C-58D696F1AF4C,Ferdinand Swanson,2023-06-28 15:05:53
6D60177E-C51C-A4A5-0C26-B7D336C52C88,Hamilton Schultz,2023-11-16 00:58:11
BCB432CE-3627-8F4F-F619-42F49479C245,Andrew Ortiz,2023-06-08 18:21:28
92087B4A-BC78-A123-9113-2A8BD030E378,Kennedy Reynolds,2024-09-19 13:35:29
D4214FA6-6657-8C26-3D74-CC2C068DFD33,Abel Sullivan,2023-10-20 08:30:37
9444264E-32A1-B4AB-5D75-BC812BCE1BA9,Christian Barlow,2024-05-05 16:11:22
70E6DDCC-8974-5E72-4198-131C869E9036,Callum Webb,2024-11-23 22:00:04
163D8CE2-C282-B923-B317-015F24ECBCE8,Leo Richard,2024-05-04 05:28:23
0C637B6B-4ED6-275D-74A3-DAD72312F6ED,Maite Rose,2024-02-03 20:05:16
2C7E6A59-9A25-B32D-71EA-43F9176CBD95,Allen Gordon,2023-08-26 12:26:22
732AFCF4-5C2A-7469-36EE-198FB8EA7720,Ivan Fischer,2024-06-23 02:16:51
D0F94AB5-9A5E-1731-73B3-ED4B399669B6,Ferris Winters,2024-10-18 09:08:14
22D42A8E-8302-52DB-D18C-26C269FB0243,Gloria Morrison,2024-06-30 04:19:30
DD04EF30-7ABE-6726-3542-2A74A8C123BE,Yeo Wiley,2023-08-28 16:01:39
528528B6-160D-5DF9-6DAA-D1EA90321F51,Norman Olsen,2023-10-25 16:31:01
81BD75CD-4B19-46AA-4576-82B3AAB74998,Sade Cohen,2024-11-17 16:48:35
977C6302-1A31-8131-9D00-B167A666A749,Hanae Bowers,2024-04-14 20:42:15
33EB1C94-343E-5E99-2D4A-C528333E4375,Francis Bowers,2023-10-25 02:34:18
2E2C138A-CE37-3DA6-A320-9E46089D151A,Madeline May,2023-12-05 19:59:51
1B340D45-B1AC-C8EE-6D74-72D98131D45F,Rudyard Workman,2024-06-24 18:03:25
BAAE3235-9BC8-3A78-5E26-9CD5B9E37BE9,Megan Schwartz,2025-02-17 16:18:00
41C5F5D6-4DEE-DE35-A436-D83D2478A84C,Garth Blanchard,2023-12-28 04:39:14
67F30137-AAE4-D0CB-4025-2959A2D0157A,Kermit Delgado,2023-12-25 07:59:41
DF4E58E6-3F1D-3E2B-631C-3EEB54CEC71D,Gary Terry,2024-01-16 20:00:57
BF934D7F-01A3-AA3B-6164-282CC2365EEA,Gregory Mendez,2024-07-26 17:18:32
6D766772-1BF1-BC50-31DB-BC497E38C33A,Daniel Vance,2024-10-22 14:53:38
564A61B7-9B4B-26C4-4326-C12125C16377,Christine Rosa,2023-05-01 04:08:18
31A61B9F-920E-1BC4-6784-2D664E4048FE,Veda Fisher,2023-10-23 15:35:46
9F843E54-E93F-B292-81D5-9BE40235AA6D,James Becker,2023-05-02 04:39:13
367BA839-AB1A-91EA-5A3B-EB4E33A08AEB,Joshua Bradshaw,2023-11-21 12:24:12
F3432D90-21A2-CAF5-C636-77532E91E17D,Judith Hahn,2024-05-08 15:01:20
56877839-1F13-3B42-3C76-BC8BDFE36442,Karleigh Mathis,2023-07-22 18:43:23
0D023734-A64E-E3DC-D1DF-4885A4B70C7E,Rowan Byers,2024-10-06 16:54:57
3382BD76-8791-E258-2C42-E93AA790D4C6,Mason Fulton,2024-06-29 17:11:00
1B7C19CC-D654-54FF-FE6C-168DAA8F6FA6,Joseph Hood,2024-07-23 22:10:09
A4393DB7-1897-4DE3-3278-595F252FC643,Burton Hinton,2024-07-05 18:24:25
C8D63351-69C7-3F51-ECD7-F5A22AB57A4D,Zia Cohen,2023-12-03 19:26:42
3EFB241F-4BF4-A968-86A3-2A22D5D2829F,Asher Matthews,2025-02-11 22:49:46
8A49783D-648E-A474-8033-6583EC3EC588,Noble Henderson,2024-01-22 09:29:26
37BB2596-966E-BBA7-5656-0FD714DC929E,Jena Knowles,2024-12-12 10:26:48
895D7D3B-9D68-6997-4A40-C30C43BD7BCC,Willow Snyder,2023-04-16 19:10:11
7C8DCCC9-8988-79FF-BDC9-9AB3D5AB24AF,Carly Guzman,2023-12-19 11:32:28
75323477-2538-B37E-4BA9-8924EBEB4A7D,Warren Joyner,2024-07-17 23:33:37
B35E1714-EB53-1491-4E4C-9B2E7BB3BBAF,Blake Fitzgerald,2024-08-30 15:26:16
9A4CC595-2E28-7D51-82D5-21BC24D2B917,Nasim Savage,2024-08-20 08:34:07
652C4215-C56C-B351-6EDC-C685D7CE45EB,Noelle Cobb,2023-08-04 03:48:06
C6DBE2B6-D876-4D9C-F74C-C7B2138655B3,Ila Bond,2024-07-18 05:59:38
CE269485-9C2D-A812-8E96-2D8650219E92,Gil Williams,2024-07-11 10:32:01
B9C4A111-948A-938B-ED2B-EAF9C9898ADB,Brian Marshall,2023-10-21 20:47:26
B87CD6AE-6C23-17FC-647A-489538589D2E,MacKenzie Merritt,2024-10-29 03:54:32
DC7681DB-2C8D-74F2-A5E4-3AE131CB4658,Erica Merrill,2023-07-08 00:18:07
C539DC47-2A36-A962-FBF2-76D6A75E6424,Jocelyn Mcleod,2024-09-17 18:29:40
E2CA15B3-3583-50AD-9981-5055F923DC22,Basia Leonard,2025-01-11 12:32:35
28665AB6-27E8-6AB6-CDF7-84186B691A0D,Jessica Martinez,2024-02-02 13:12:44
937A2C4C-A1E2-5CE2-83C2-1994882B326A,Lance Bernard,2025-01-28 00:59:25
29D64624-1DE9-35D2-1715-86118BEE1C3C,Maggy Ramirez,2024-03-09 09:58:51
B98B2DB2-BC6E-7D46-79D6-33AA8C4E2BD2,Xavier Dennis,2024-11-18 05:40:08
4D76DA89-4616-FC8A-4353-2254304E3747,Christian Joseph,2024-01-13 22:34:41
4B7859E2-B543-F82A-B3FB-A8C9A50B2F2D,Paloma Sullivan,2024-05-19 12:47:23
72EEA73E-E26A-9936-734A-CB57549DB642,Nicholas Holder,2023-06-02 16:14:38
0795363B-3BB8-7ABC-75E8-3082D3AC2633,Timothy Moran,2024-10-17 04:53:58
9944422C-DBC1-C12A-47EE-D844E2DF41DD,Aiko Mercer,2024-06-03 20:20:02
238B50DD-83DA-4423-0DA0-E4FE776EC8B2,Chester Manning,2025-03-05 03:59:32
7BDA3325-0C0C-06D7-3975-5B3461E33340,Ronan Gallegos,2025-03-03 13:45:40
8EA85CDD-4785-EE4F-9485-18425E325E75,Fitzgerald Lynn,2024-09-25 17:33:07
D514B8DE-E2B5-FE92-8EC5-CD70C7AD7A4D,Jarrod Barnett,2025-02-28 21:57:55
CCE3CFD0-8DCC-C39D-2BAF-4B450A1ADAED,Angela Parks,2024-08-10 03:36:47
F1A74EAE-28D2-9143-2D61-AC86EB36C0B9,Laura Clark,2023-11-24 01:11:01
727A7559-D21B-E843-B49D-EAE87307E594,Aretha Jefferson,2023-09-22 13:56:49
3B765426-1387-5D66-CC9B-81592C981B43,Katell Hodges,2024-06-23 06:20:04
99D29458-C837-BBD1-48E3-2AAC15EBE131,Cheryl Wright,2024-06-27 20:17:19
287CCB17-7466-E6A3-11BD-13ABE45040BC,Winifred Zimmerman,2023-07-27 02:31:50
95586F69-6429-A213-4B51-8A6E7B3DE152,Lance Cameron,2024-04-16 14:25:33
0A4E9B7E-D155-7665-7C7C-8CAF5BA87A5D,Emily Cook,2023-09-22 20:40:06
115AC9BC-8749-ADF3-AD19-4141A17C26B8,Kay Glover,2024-10-27 17:29:58
DEDBC34D-10FC-01E2-A256-AA9CB8DCCC95,Tate May,2024-07-06 23:56:58
5DA7DC28-7B91-792B-E844-B68A96259778,Shoshana Sellers,2024-10-30 10:55:46
EB5EC44A-8D13-BB44-4A13-214DAE48B743,Brianna Decker,2024-08-21 10:07:57
EDCD0DCC-C180-BC9A-6A7C-6EEA42C88D85,Patrick Fitzpatrick,2024-02-27 02:15:03
BEAD7E65-9D37-45D8-77C7-56CF28675560,Nadine Adkins,2025-03-10 10:39:27
2820D5F9-8B9E-204A-31D1-2823B884E692,Angelica Barber,2024-11-25 23:51:24
4B7D3CD8-29BC-AEE1-D51C-AF7F75548589,Quin Raymond,2024-12-13 18:04:50
4DD0D941-367D-A6C4-84EC-7C9EC8BC28AA,Laith Ortiz,2025-03-11 11:42:13
8B61DD82-77C8-5587-776E-6CA412941DB5,Chiquita Wise,2024-08-24 01:12:32
03B2118E-3BA4-5459-4AD3-5B2C581ACB6D,Wing Goff,2023-10-15 00:07:31
39588CCE-5E52-9C25-4F52-9E1C3C47BD95,MacKenzie Suarez,2024-03-23 02:40:34
7299B3F0-4EED-45F2-9C26-E6861D803722,Francesca Snyder,2024-09-27 07:49:27
ECCBD713-CEEE-3E0E-6799-968D2E3AC3F5,Leah Barrett,2023-12-29 14:58:15
6B4CE961-9107-3EBD-4CD2-37ED5E155397,Xavier Little,2024-02-19 21:52:41
7461969D-1561-DEE0-F58C-C2798C9D8025,Cally Juarez,2023-06-01 15:12:42
03994E64-72CB-7861-875B-8AB5E73F4984,Nash Mcleod,2023-10-11 13:02:32
B1CD9D22-4AE4-0451-8C5C-DB15B228B234,Rogan Nolan,2023-07-27 06:46:21
4B35C2E2-7165-1E93-F0DC-9485C2DE91D5,Ira Holman,2023-09-25 18:12:56
718515C1-E7A4-BE70-8CAD-1AEF11F94EEB,Lester Hernandez,2023-12-04 15:05:15
C6D6CC1A-C623-F847-D7E0-AB6EC25D5A78,Echo Vance,2024-12-23 16:04:18
BD887FB5-F62E-0C59-9241-6C54609B862C,Mannix Browning,2024-08-05 13:14:07
74A2F3DD-76B7-0350-B19A-E4A81ED565D8,Noah Noble,2024-10-31 19:46:31
967BAE57-1D41-6C08-C0E4-529A63C22CBA,Olympia Winters,2023-04-12 22:02:42
C38DDB42-7259-EB18-DCD1-1E33CB87999D,Indira Welch,2024-02-20 22:44:05
A9E2122A-D22C-B488-4B38-22B2C33F3653,Mari Blackwell,2023-06-14 12:04:01
01DF0AE3-5B96-7107-8045-A5D75AC1C533,Quentin Heath,2024-09-04 01:17:44
DE4DA2F8-D904-B11D-5356-1EDA31933AF7,Honorato Garner,2025-02-04 21:10:52
12B5EA91-43AD-7951-2AC4-E73D7C882DF7,Martin Chandler,2025-03-04 03:25:43
517F3647-9B85-CB43-CD71-791006FBBF83,Diana Rogers,2024-09-09 06:50:40
23EA5CE8-2E68-33CD-E9E9-5EEA2A37539B,Kathleen Acosta,2024-08-02 19:26:36
86429651-C162-C9A3-4D09-0199A782CC27,Mia Lancaster,2024-03-24 02:19:09
9E12E059-A50D-93D5-748E-E8241715D71A,Alexandra Tyson,2025-02-11 10:05:35
D95AA95F-C41C-9E14-6C7A-861E96DFEC35,Avye Mcfadden,2024-05-09 14:27:32
CDBCF587-4BD2-647A-E96E-0C2143B926BC,Brock Roth,2024-06-16 02:34:02
EB587977-81BD-5D6A-CD05-59F9C3D12057,Cara May,2025-03-17 02:47:23
277A8E9E-E376-C373-DE55-6DA6065782FC,Eleanor Slater,2024-09-10 13:27:32
6BAD69DB-9ECC-430B-BC45-957ADE7D93A9,Callie Valentine,2024-01-31 09:46:34
E8723A51-D27C-E83E-8A4E-A04303C79B17,Berk Boyd,2023-07-10 04:03:54
3DB733BB-761F-A413-9A75-636025CE5E25,Haley Barry,2024-11-08 07:09:10
E3DBE3DC-8E19-4EBA-5B17-21929BB3B09B,Igor Hartman,2023-09-17 10:45:47
CA37E17A-5158-ED45-33C3-83806104CFEB,Melissa Greene,2023-08-21 14:44:06
FC78E546-152C-ED62-3543-ECC38E885D66,Risa Owen,2023-10-15 15:19:42
87CAAC44-5923-765B-13B3-5B42A57A0FF2,Jenna Duffy,2023-04-16 02:19:37
1EC5A9B0-9D9C-2746-2451-18C3A677464A,Maia Farrell,2023-08-10 02:08:59
14DAC33B-F51B-7D16-793C-01832E2C5135,Hilary Prince,2024-05-03 13:43:20
8AA2F8EB-3AE4-89E6-468C-CB19C5CE29FE,Lewis Marshall,2023-09-07 05:07:06
EDE53644-14BC-85A7-2A22-F9C47432E41D,Madison Moreno,2024-11-09 13:45:52
15A9DA66-6382-A95C-5C48-8BEA3436B743,Barbara Byers,2024-05-29 03:57:20
5085693A-3B2B-3A4D-A4B6-EED8C2ABEB6A,Simon Hall,2024-07-14 18:11:36
CC2B18A2-526E-C56D-EC20-AD9B1F4A7AAC,Giacomo Conner,2025-02-03 04:11:28
4FFDE00D-C128-D6DD-4B6B-1D15BEE6BC91,Lacey Albert,2023-10-29 16:04:02
338DA8AD-B7C3-35CB-776D-56A394E14123,Bradley Hodge,2023-06-30 14:49:09
9187F8CD-C639-603C-AB48-5E57CDD93E0D,Cheyenne Thomas,2023-05-05 17:51:21
D4380B08-CDA0-958E-B44C-69BB579BF512,Blossom Cross,2024-07-02 13:40:15
26625552-6E3B-E7B1-45A2-CBDD3E121754,Denise Bradford,2024-11-07 21:25:31
CE6E4DC4-7284-8F9B-94FB-DAF33FFFE7E7,Amery Greene,2023-09-08 12:03:00
BDC321AC-9779-ECB8-1B2A-DB46ECA42DCC,Halee Bright,2024-03-29 20:00:34
BE7DC03B-2473-49F4-80FC-23193E9345F1,Kirsten Collier,2024-09-21 18:21:35
248382C1-FF5E-71C7-7E5B-E1142F273CC7,Sebastian Pena,2023-08-31 19:11:00
9429DE65-7332-5055-A262-EA85E4655DA6,Ashely Dennis,2023-05-01 01:33:51
56C2D2D6-A92C-3BDD-2B95-D6C978E4ECEF,Stacey Vazquez,2023-10-12 16:58:40
79B84A5C-7EAB-C46E-3D54-7FDD9323D3A0,Eugenia Perkins,2023-08-30 01:31:40
56B52523-87B1-A6CC-16CE-31FBDDA85C94,Gloria Schmidt,2024-12-13 04:18:29
A48945E5-2517-5408-EA83-CAD2AE0BE55D,Baxter Malone,2023-11-10 16:26:48
5B22DD03-8C75-C2DE-AE78-77FA0CE72463,Michelle Powell,2024-10-21 17:03:29
CAA792AC-138F-145B-D97E-1BDDA2426628,Melvin Macdonald,2024-06-23 08:41:08
434D2289-920B-69E0-779E-6445A29E87A6,Samantha Brennan,2024-12-05 20:54:58
2C594303-5D10-BD3E-D5DB-ECB896BC987F,Wyatt Grant,2023-08-19 02:43:31
C64E40F8-22C7-3664-A5A5-F379924D7D6A,Russell Roy,2025-02-19 20:52:47
896450DE-3422-974B-4EE1-287EFCAE5D59,Evelyn Christensen,2024-03-25 05:06:46
9D5A67C1-A59A-D1A8-96B2-68DE20BAD25A,Denise Watson,2023-11-05 08:20:53
E3C95C79-374E-5228-4455-C11E66E8968E,Duncan Beard,2023-08-29 02:12:05
D6316E30-E414-8C34-ED8C-C6779B4A9C26,Lucian Kirk,2024-09-26 18:05:55
CD2CA877-937F-7ABB-9E85-8D8ABDA96D23,Malcolm Nunez,2024-11-14 22:58:24
2BB01ECB-2DE9-37BB-6DEE-4F68AE26BE1C,Jaquelyn Nash,2025-02-10 23:17:46
B8A17EA3-3B89-69BC-93D7-E5A9BAE3BB5A,Calvin Day,2024-04-16 20:22:14
E6F172E6-C19A-6D53-361D-A76F1E2C48C0,Ahmed Clemons,2023-04-20 06:31:05
A8E377CA-B352-D630-5533-E24CB159EA48,Sean Butler,2024-03-04 23:59:26
262C4D8B-2DD1-C3BC-9726-476205FEA176,Wade Luna,2024-08-15 10:57:09
0DBE92A0-5580-83B6-A141-849B397DD3CB,Rajah Mack,2024-12-09 11:51:10
E2A542A4-164D-3D11-4814-7DD5D162FBC3,Tana Boyd,2024-07-10 18:34:17
B1DDC7B9-2627-50DB-F64A-1E3B4C576AF5,Maris Benjamin,2025-01-19 08:51:51
3CEA7CCA-429E-E425-EB8D-1A696C972B80,Priscilla Reese,2025-03-11 06:29:06
5BD3A0B6-A6AD-2345-2D01-4DB9D77CC6BC,Ferris Gomez,2024-11-16 00:38:41
20DFE14B-5892-28DD-C7E4-34B3B96715CB,Aladdin Garrison,2023-04-25 14:34:21
96689571-C677-76C4-CF5E-76671465438B,Flynn Cardenas,2024-04-15 09:24:05
AB96037C-75DC-A77F-6593-CF84B28B0095,Tanek Fowler,2023-04-09 08:10:19
AB98E2BE-2855-9BC2-8BD6-5E8B8A800852,Gareth Willis,2024-05-18 15:36:05
AA6541D7-94D2-5964-2AD5-767ED9BAA511,Geraldine Russo,2025-03-24 19:52:49
E2E4B948-DD2B-54B0-348F-96EFC1DA8CD7,Judah Frank,2025-02-02 10:36:06
8F4EC636-ADC5-1357-11D1-273FA1C894EE,Dean Browning,2024-01-21 13:42:56
BB2A6724-9D8D-3EE4-A5D2-698F23B98B07,Jackson Ortiz,2024-01-26 02:35:35
E383476B-8C02-5E29-E81D-53F164014138,Kessie Tate,2025-03-04 13:44:01
950CD695-8439-EA37-9969-192F24E01719,Marvin Blankenship,2023-10-30 10:22:38
432C8879-6738-CE16-EE52-1829EE3C6234,Dawn Mcclain,2024-06-24 10:27:59
5997AC91-8F19-6E96-399C-B774CDBFA685,Kirestin Browning,2024-04-20 14:03:06
6B69A6D6-4DCD-DE12-C496-B20471AC31EC,Candace Callahan,2024-09-22 04:19:51
92082FA7-647A-F29C-2827-804C518460AE,Neil Bradshaw,2024-08-06 16:21:05
93711D9D-48AB-849C-D112-30D3E8B1F0E3,Camilla Owens,2024-04-20 00:14:18
97F3412A-D9B6-ED2C-2B88-789D31C3E0E4,Paloma Horne,2024-06-01 17:41:22
93787C0B-6CA9-1817-6A28-84E9B5AA9541,Colleen Yates,2024-11-15 16:22:08
1038371D-91E5-12B5-4A58-741A02B7C618,Timon Fowler,2024-11-11 01:06:35
9F1D9332-97DB-21C0-8C55-54142CF2ECE2,Desiree Gentry,2024-07-26 12:59:32
A1304779-22D6-91AE-195B-530E71A8E83D,Abra Hodge,2024-09-24 11:21:30
EED77B2E-6AB6-DDB2-14D5-027B7DC1D327,Ian Mcneil,2023-08-30 12:47:29
EA9DB827-1E22-9F80-6E94-A5F9BBD596B1,Deirdre Mcgee,2024-08-13 14:14:58
D6542E75-06A9-5D3B-D271-4C1C80ED3CC5,Wayne Elliott,2024-12-29 13:26:37
97276BB1-5214-E33C-57A4-B86FBFEBA728,Rhiannon Mcintosh,2024-04-16 16:47:19
3C87349B-38CA-8B80-6A0F-1F43D64EE064,Reed Yang,2024-12-05 10:09:36
A6B5D882-A6A6-4DB4-A3E6-14E7AA24AE81,Madeline Mathis,2023-08-12 07:58:43
3533D77F-92B9-CB4D-A798-E1D0339625C8,Boris Mccullough,2023-08-06 09:58:29
2868BB7C-4814-2A64-A664-84096DF27DE3,Shelley Spence,2023-12-31 14:38:53
5691FE8B-A567-27B5-1C3A-717EEC873065,Ila Wade,2024-07-23 21:00:08
B25A882A-2B9C-6DE1-7974-724487F829B5,Haviva Nixon,2023-05-03 05:06:38
3ADD2DB7-84DC-0772-ED4F-D4362F5A6020,Gil Short,2025-03-19 11:23:33
CDA81C74-A9FC-0AC5-9A38-6654A12C1665,Isaac Cole,2024-09-04 10:24:16
76680419-B724-88A1-BC85-311A963AD36F,Colleen Anthony,2023-05-25 14:29:53
86DD58AC-C249-C746-6E4D-AEFEF72A8883,Giacomo Lambert,2023-08-10 06:40:40
733ED30D-7C97-B73C-70EB-CCD08B9E8ACC,Vivien Booth,2023-06-06 03:25:00
801DC6C4-A4A4-AD8E-3B36-71EACAE94964,Hoyt Mayo,2025-01-05 08:30:21
2472445A-438A-9C89-EB1D-4ABED4BD1DB2,Hiram Atkinson,2024-12-14 18:49:21
BA1C9BA1-B3FB-BF4D-C293-3FAEE8415603,Eaton Schmidt,2023-11-24 13:02:41
3C028571-9D43-6D2C-15FD-99C5B86FE7D7,Baker Wagner,2024-08-18 05:38:23
2C543BCB-A3A9-E5DE-25E1-837C561CB6C7,Brenna Bradford,2024-10-18 02:35:04
518BDBDB-3490-CA0D-9988-61196A2B3DD2,Mechelle Dennis,2024-05-18 03:20:06
2154B804-0BEC-D303-AD5F-A1BC982CAEEC,Roary Joseph,2023-04-21 19:09:03
429751A3-20FC-73F9-D6AB-8E751BD6BCE7,Iona Fox,2023-10-02 20:32:03
D9604E00-21D1-F199-B6E3-A35E63545BD7,Yvonne Haley,2024-08-07 06:28:21
F4262EDC-B721-9535-7BB4-F329D2EEE34E,Brandon Fisher,2025-01-21 09:21:19
8EE63D1D-B6E1-ADA7-24C6-97BECA67F1DB,Mechelle Velazquez,2024-06-03 04:31:49
AE1442E5-273A-144C-9A49-240E936FA80E,Michael Mcmahon,2023-08-03 09:18:51
A0A3FDF4-C4C3-D611-30C3-0378A42C2154,Risa Cash,2023-07-13 02:06:20
E3C8235D-3148-C858-E8D5-21749BC5DB2D,Steven Guthrie,2024-11-08 03:55:27
9FB2E8D7-216B-EF75-2EF7-6B3B9583F21C,Dustin Morse,2024-10-19 16:33:22
22C9B529-E284-C127-142C-058D4829E2C3,Arden Houston,2023-04-11 15:37:06
93D71FA8-3A65-789E-3AA4-E6800C477510,Conan Thomas,2024-01-26 16:05:33
2807E649-2213-65E7-3241-CC45A9EF61B8,Ferdinand Miranda,2024-10-25 20:38:13
B4A466ED-974F-621C-7C8D-EDDBFE59E175,Alma Gray,2025-02-25 20:22:11
69B8BA7C-A548-D1C9-E31C-91B3450466CD,Wang Manning,2024-04-12 08:21:21
D064B45A-ACDA-14DA-A7BC-7A3B83A40C9E,Rae Gould,2024-06-20 00:37:04
920C765C-92D7-B619-2A12-DC643C0A442D,Calista Bond,2023-04-25 14:22:47
8E7C83B5-7AB6-9884-1343-8CB8A81B0997,Hyacinth Norton,2024-06-19 09:19:24
5DE3BDE2-4525-8162-4689-6B8E778924E7,Lillian Goodwin,2023-07-05 15:48:31
93B22679-5932-8B53-D655-A8E46E9B263C,Neville Mendoza,2025-02-23 14:57:05
44E6FA86-B588-FCBC-B9AE-D1456F113AB1,Perry Espinoza,2024-08-29 10:11:38
E4286C95-89C5-0729-9A9D-2AC6CE3ED8B7,Zelenia Jimenez,2025-03-09 07:06:53
311AC16F-4824-C977-4745-69A533D909B6,Kelsey Mcclain,2023-12-08 21:32:49
815CDCC7-336C-EE2C-2268-3F8D25F9A84D,Quyn Hayden,2024-10-16 07:43:17
DE16CD59-CE38-98A9-2EDE-6269F4E5FFC9,Neil Perez,2024-11-26 15:04:10
CB36E1D8-A2C0-1492-0C1D-1C82BCCFE315,Mira Velazquez,2024-07-12 15:22:46
8C249B4B-BFFB-D9EC-232D-8F5DFACA83C2,Kalia Sykes,2023-04-06 05:04:48
F4B45BAD-2D51-9976-C2F3-E31CD78D65A8,Mia Williams,2024-07-05 03:22:53
7E805EBD-9349-FC61-C2A2-4E4E1C77A97B,Emi Gallegos,2023-07-27 16:27:53
696E8BA1-2ABA-050C-6F3E-868B309E556D,Vielka Keith,2023-11-27 05:22:02
D28FF207-5B8E-3511-4179-7495EAC65A5D,Lana Farmer,2024-03-05 02:37:18
0EC19A8A-C62A-35D5-712A-1E997761535D,Vivien Delacruz,2024-11-27 09:39:56
3604921E-EDD3-6473-4CB3-B1704E38FA2E,Cullen Alvarez,2024-08-31 16:18:15
27081133-36A1-8B64-ECE3-D96266E4D89B,Yuri Sparks,2023-12-07 01:57:22
C77AE159-EEA6-DBA8-C53D-90685865E280,Malcolm Montoya,2023-10-12 14:29:15
9D2329F3-2607-0D16-D4C8-999D59191C89,Inez Wolfe,2023-04-08 21:26:17
5DA3462A-35E1-4479-D9EE-59227ACC9C35,Oscar Wolf,2023-10-31 02:26:31
55CD5651-2A12-2669-D3C6-22F29143EE2E,Anne Boone,2023-08-19 14:30:45
132D429B-56CD-E197-2221-3C6B35C2B773,Phyllis Huber,2023-06-19 06:57:46
C14BABB8-1624-2731-7C0C-2DC3D6F6D677,Dorian Osborn,2023-07-18 19:31:36
7D01E3AD-E37C-D9CE-BC75-19D232970567,Lionel Everett,2025-03-22 18:23:47
1BBD7A40-1C10-4644-A199-DCC087754260,Tate Glover,2024-05-06 04:21:10
87531831-723D-9329-2A8C-C098B457E562,Kane Crawford,2024-01-27 23:51:50
CD205204-1179-79A8-2A33-834D44416DD9,Aidan Terry,2023-12-31 18:29:42
EC7AD921-C3B6-1927-BA59-8DE26D88AB41,Kevyn Clements,2025-02-22 19:10:02
D4C788C4-8E38-B476-899D-7D646128CED7,Nehru Calderon,2025-03-24 12:12:02
2B3A9EC1-1CA1-FF45-1A5A-39B9B1068BC5,Chadwick Sandoval,2024-02-24 22:32:30
051850E3-DE6E-780B-E0EE-8A1C25BA6136,Brendan Marshall,2023-07-08 19:15:08
62A53977-BDFD-BC56-2C32-82DFE4967130,Freya Sanchez,2025-01-22 13:39:25
35C2B576-7B89-E414-EC9A-97085AE8D2CA,Ulric Paul,2023-09-23 13:38:28
6C88B5A5-1E9D-0A42-57A8-6C3256238167,Berk Parrish,2023-12-21 18:27:04
17F87844-2D3A-597F-7658-B2CE66992EA0,Odessa Peck,2024-09-25 04:57:20
C7671D5A-39B5-21E9-2F69-87D5D56B152C,Kuame Kline,2025-01-22 11:58:36
7674359F-C095-3D83-2293-DE32820B3914,Flavia Boone,2023-06-01 04:11:13
39944562-3D58-1483-685A-B69723F8362C,Xander Richard,2024-04-24 10:22:00
D9249214-DF64-DCD3-8B53-C41E44157A78,Driscoll Mccray,2024-07-28 00:53:33
B2CE958E-7B4B-FAC0-AC18-C3941319A21D,Julie Hansen,2025-02-01 09:34:34
5D2171BD-669C-A410-0034-C0142EF365E3,Grady Griffith,2025-02-03 10:27:37
38563354-58FF-F94A-B642-1A03151A825A,May Crosby,2023-06-09 20:15:34
A3B25EB5-613B-D87F-8651-668F994211D5,Giacomo Merrill,2023-09-09 08:46:44
D24B78B2-7A24-A824-A700-8A3377EB876C,Urielle Mccray,2024-10-20 03:29:44
A0CF136D-708D-1750-F226-9ED8119EED61,Penelope Mitchell,2024-07-01 02:22:41
607A1F52-F17A-713C-D8E6-93F3F50C4EE7,Kuame Martin,2024-10-05 17:38:50
D5395A91-B44C-CBAA-E126-3665B272A76B,Xaviera Buckley,2024-12-24 17:21:31
03CFE45B-1A69-84AC-BE77-02CE5864BEA2,Aidan Henson,2024-02-25 21:34:35
AE69B56D-9ACC-97B3-1745-9DBDA52E29A1,Adara Wheeler,2024-01-26 01:53:17
637D8E96-9C41-78B9-C453-82ADF553E2B5,Cade Justice,2025-01-30 15:13:55
496BA142-B32A-D437-8085-5DE7C2FE54B6,Ignacia Tanner,2024-07-05 01:16:37
02443D36-89BE-C3EB-4D3C-2A78CAB98C17,Paki Phelps,2023-08-26 03:06:08
4F95475A-F1DB-DF31-42F7-7ECDAE3426EB,Haley Cook,2024-03-30 04:35:43
E2235AD8-5576-997C-DC9F-39A72B554A63,Raya Potter,2024-06-15 23:11:44
4DC5B554-199E-A5E8-6C64-3EA260182BC4,Myles Saunders,2025-03-28 05:09:29
83A009CE-1687-841C-6A58-1932642BC6E1,Kirk Duffy,2023-08-03 00:10:13
CBE23244-3EAD-34EB-A1FD-796013713ABE,Leonard William,2023-04-20 03:03:42
B8A3B22C-D6EE-AA63-7A39-2E11A2A4DD77,Quin Riley,2024-11-22 22:44:40
95A97D33-1527-D815-A763-0EC695BD5F97,Mariko Thomas,2023-04-19 13:48:00
2BDF6B9D-68EF-C3A5-5B74-80DD91255744,Mechelle Estes,2024-06-22 04:05:02
3C246D2B-2932-8A4B-4E5E-F1B85A5BCD7D,Francis Simmons,2024-07-17 14:11:29
250CD428-BA69-CD6F-AD9B-ECEF73CF5C8C,Alexandra Estrada,2025-03-27 05:32:06
D93B5F97-6D20-2652-EEE4-3D227D97C129,Leah Fernandez,2023-05-23 10:12:45
D4B7A5E9-C234-B399-DB72-DABEC7503281,Castor Mccoy,2024-11-17 19:59:08
762D2EEC-47C2-5595-BB93-EA72E4213ECE,Jakeem Herrera,2023-07-31 23:03:10
A024EC53-A625-346E-93ED-E5218B785E2D,Steven Morin,2023-11-23 03:38:29
E7952FB8-8A74-5A66-837E-139866BCF681,Camilla Clark,2024-12-04 01:41:13
DE17C0C4-22BE-3EBE-3D3E-15EBBEA4CAB9,Imani Singleton,2024-06-13 14:37:02
0126A12D-986A-8422-1DE8-9039A8C02EFA,Clarke Dillon,2024-08-03 01:05:02
926AA148-0335-EEAC-3AA4-5C74C4795D5E,Carson Erickson,2024-11-11 17:54:31
2C09DA8A-B2A8-7569-885A-620A6838283D,Isaiah Barker,2023-04-22 19:18:39
564BBEA3-1953-E920-934A-2E1D47DA747E,Thomas Norton,2025-02-11 04:29:32
79CA32D3-659E-E82A-CB5F-76703DEC760D,Tad Glenn,2023-05-23 22:59:33
D66B9A42-E238-4C03-1187-C40EDCAD205C,Faith Haley,2023-04-19 17:30:23
49F9F4E1-BA53-78ED-D893-661D23B5BA27,Fulton Gregory,2024-03-30 09:33:56
5E4138A9-211E-5A94-35E2-35C9F5042CCB,Tamara Knox,2023-06-15 04:28:56
2E262CFD-B9E8-7E2A-F4E7-6EB81CEB4BDE,Angela Avila,2024-04-24 12:04:42
987B512C-878A-B767-ADD3-A8CB87884BDF,Evan Marshall,2025-03-22 22:57:10
5717F131-CE65-3E79-6D9C-9838167BB75D,Athena Wright,2024-12-17 12:58:59
87C18E24-328C-1BAD-2143-3C6205287CCD,Melodie Durham,2023-05-03 06:48:08
6FE82912-C0C9-680A-E8B5-71A6D4EDD641,Leroy Phelps,2024-07-11 08:26:19
94D2A8DC-6438-1634-A257-183C76BE7ADB,Alea Keith,2025-01-07 01:25:08
4427A022-53BE-7ECC-A2AA-E93BC46A3AAE,Mona Tran,2024-05-06 19:02:38
C633B225-7AC5-BC82-CB97-50AA1549D320,Quail Navarro,2024-09-27 00:45:28
ACCC285E-5887-8597-531D-86A67B955943,Abbot Moreno,2024-03-27 20:23:30
EA756883-E1B5-7AC3-3C43-73A24ACDA475,Lyle Wheeler,2025-03-16 18:54:13
37D725CA-18A9-ABDD-9E9D-C3D911E13D5E,Donovan Hammond,2024-12-26 06:46:55
1D09BFE6-E5C7-84AE-3063-88A958B93C59,Jonah May,2024-01-20 23:55:57
44740CDE-39EA-DB4E-DA45-61276616CC1B,Aretha Browning,2024-09-05 10:06:06
EF490A41-8CEE-5F12-5655-1B1A7D24E266,Dillon Shannon,2024-10-01 08:11:00
7A073A85-4F45-3542-CE84-A92A3D72F467,Fiona Boyd,2023-08-10 19:27:58
E41B0A25-815A-658A-B324-3C9937699937,Urielle Avery,2024-11-02 16:34:58
7EAED856-5197-E3BE-409D-B2BAE7CCB279,Donovan Goodwin,2023-07-30 17:11:14
02986538-9167-CC85-852B-E8BBE6ACFC50,Emmanuel Bishop,2025-04-03 13:08:41
D24A73F8-0829-4DE1-3895-EB33C0876E5E,Virginia Klein,2023-10-17 13:48:45
141A522C-EE89-9838-3BCF-5737CC9287C8,Oliver Holcomb,2023-12-13 21:06:30
8C260D72-83A4-4447-12B6-1CBC4E2F3FB5,Lunea West,2023-11-04 23:45:21
44AE5211-7DF7-477A-D83E-3942DA55E5AF,Jescie Vasquez,2023-10-11 22:50:50
4DD81EF1-45E3-3C8C-5D08-B40D63BAA87A,Rhona Ayers,2025-02-13 09:01:18
9EBAE275-A5DC-3281-C795-071A35677F1F,Vera Espinoza,2024-10-17 20:32:07
69D8B1E3-8A05-9B73-670D-A625E9C4A31C,Rhoda Barry,2025-04-05 00:37:17
AD71FE6D-D7C4-B22A-8C34-3678A7CB7698,Felicia Morrison,2023-04-05 20:50:14
20365066-2AE6-9FF5-B556-D97B685F91AC,Amos Gould,2023-09-17 05:35:58
B5CCB4AE-E123-C726-433E-64EA7A9603D7,Daphne Boyd,2024-03-23 06:58:39
539F36C2-02ED-07A1-6DE9-B22D36D9ED06,Irene Mcfadden,2023-06-30 12:01:19
41A86FEC-4649-0735-851B-B754BAA3EC06,Jana Floyd,2024-06-04 15:11:37
13D6D48C-5886-73B4-1B02-428777BBAD19,Brenda Hamilton,2024-06-23 11:48:36
1CD54C9F-7454-3712-EBB1-C786EDC20BF2,Robin Benjamin,2023-06-28 09:09:53
8466A41D-0BFE-DED6-E795-2A7869782E27,Brett Copeland,2024-03-25 13:39:02
BE4323D0-42E6-9DA7-44E7-28BF67501604,Hadley Ford,2024-09-04 01:04:18
B0D13B23-4448-8AB5-338B-EAEDA5E35B82,Whilemina Rich,2024-02-04 15:25:03
D6C1E291-6C24-279B-FB7D-EF4EB8E94D02,Boris Monroe,2023-10-09 19:23:57
7B3DD5F3-B8DD-E97A-7DB7-3ABCA7E333BE,Oscar Yang,2024-12-29 03:23:16
014E8D13-D3C8-513A-9B2B-F092BA359881,Cora Guthrie,2025-02-07 07:30:39
4954A5D5-3711-0CEB-E8D6-354055ABC7C8,Galvin Christensen,2024-10-19 07:09:09
A9D266A6-A49D-9AA9-4DCE-0DBB7CBD4ED1,Zachary Sharpe,2024-03-20 10:53:08
2F8AC619-3688-6B5A-A7BF-5C87EAAACEAF,Ursa Velasquez,2023-08-06 01:24:51
7C7EA1C5-7DAD-C711-6372-ED61CEB886C4,Arden Park,2023-05-15 14:44:51
EC859113-640F-C58A-225B-2D6C7D518535,Jarrod Schultz,2023-04-18 08:50:50
243030D3-3C50-17B6-40FA-C6DE3C6C0A89,Jocelyn Hubbard,2023-09-01 19:38:42
A2503776-E533-A5B6-6C8D-844A9CF132DD,Levi Fox,2023-12-10 14:24:20
7DDF447A-1EBE-E1C3-6A03-645100AA4F87,Ashton Flynn,2023-12-26 01:25:38
900894B6-E834-372A-26A2-1954CA3A2B19,Tucker Vargas,2025-01-31 23:24:51
C4B9FCE6-3A39-BF41-9554-AEEC82465283,Amos Boyd,2023-06-12 21:09:02
E656D9AA-9BFD-8CEC-725B-DF7E39E0F7E6,Erasmus Petersen,2024-05-16 18:06:28
E9387D3A-112D-A087-8BC9-896C887AD3FB,Justine Mcintyre,2024-07-10 11:21:17
C15952AA-D380-9864-55A6-819BE8C834C2,Hedwig Robertson,2024-02-17 01:51:38
5A2B27CE-0368-2838-55BE-406F521177DB,Gannon Chandler,2023-11-26 18:54:04
83ACFD23-AD44-A265-4370-367A259998E0,Emmanuel Barton,2025-03-11 06:32:00
6A1B1151-0F22-E332-8C55-D5D1B63572C3,Brooke Ray,2024-04-04 04:30:45
C42B9324-C338-8B6A-C260-29CA571327AD,Cole Robertson,2023-08-04 09:33:15
F6D1FF47-2BE2-948B-8D1A-89373D378CB3,Nash Ratliff,2023-07-20 22:59:41
D1B7AD7F-8799-3280-2CCB-0BB5947B6942,Hermione Dunn,2023-12-20 05:19:04
E49B7E68-AE35-4627-AA99-25C1FEC14E43,Raven Rocha,2024-02-25 00:32:09
D85F72D7-A372-20E8-A778-7428CF4B2D1E,Maryam Burch,2024-01-25 21:26:49
3B8BEE8E-C8E6-FD2D-3F8A-38DDA45C62B0,Julie Ashley,2024-11-13 13:39:23
7A1BB8B6-EE8C-743A-1BFB-2B1B4C3E4B27,Kirby Snyder,2024-04-26 16:00:08
BABF114D-892B-ECA8-E1C3-8CD85528A6AB,Zorita Sellers,2024-03-23 14:50:21
D746B343-5D14-4333-2A65-7878DEB734EB,Akeem Kline,2024-07-01 03:10:45
EDDDAB0B-9C79-49D7-D7DC-D7E56EBB16ED,Adam Hogan,2025-03-03 21:39:41
A81467B3-3229-9838-260B-17947DBA4B4A,Charles Whitehead,2023-07-15 22:27:37
53234A5D-D72A-3CF3-6CCB-14C75B1B47D5,Hamish Buckner,2025-01-11 03:13:16
3B88D8CA-8382-FD8C-AB13-0B77869AC5E9,Leo Livingston,2024-07-19 19:36:37
CB642CB3-C39D-B8AF-3594-02A443EE1842,Mufutau Frye,2024-05-18 06:54:47
B7683AA9-24B6-AF3D-683F-83E5FD5298E4,Dorian Page,2024-08-23 16:02:02
E173D741-CC5A-CF79-232B-3A6E1ECEC8D9,Jolene Kemp,2025-02-10 12:44:20
48D6F7A8-6AB8-E374-2718-C4B478B85767,Daniel Norton,2025-03-06 12:10:07
BE92C188-593D-B89E-7E03-171A5569B453,Maile Serrano,2023-12-11 18:37:29
7AA3A0C8-93B2-113C-A45E-E5C4E1E97ABD,Ashton Reed,2024-12-28 19:45:18
DB96D06A-3E69-9A1E-B772-2065BF3E178D,Byron Roach,2023-05-15 15:09:27
30ACD324-4689-7B64-8A68-14DC35EC81D6,Gannon Jennings,2023-04-09 11:11:56
68D5DC12-2D97-2EBE-14C3-4D188CEC22CE,Paul Gray,2024-04-13 12:10:46
47CD831A-49FA-18C0-B4AE-93DC75638B1A,Hammett Patton,2023-11-15 11:37:30
D5F77919-935C-965E-E452-5DCFA4BA971E,Ayanna Henderson,2024-11-23 01:27:41
90571D8C-D228-E2CA-E077-E42BC136A17B,Thane Joseph,2024-07-12 08:23:13
834CAA69-B615-8EA4-7BE4-D8742D74F6E8,Gemma Curry,2024-03-03 21:17:53
DE489F64-814A-CABC-58A5-5B20BFF57711,Kenyon Delgado,2023-10-09 03:37:17
F0BF351C-133B-9AA7-EE31-D8201BB358C2,Louis Moon,2025-03-19 07:01:28
3D8C7BDC-ED60-EEB6-3809-27D8A946AE23,Gray Dunn,2024-04-01 20:47:50
36902D2C-260B-89C6-481C-377ED18ED232,Joshua Kirby,2024-01-13 17:33:46
31DECD73-B286-7376-91C8-F2CB19A117E8,Erich Gay,2024-06-22 05:03:17
A01C18D0-3131-D714-C932-9B92A01C93C1,Chadwick Short,2024-06-15 01:22:15
5E785C53-525D-7E91-2CDB-167DE7378F71,Christian Cotton,2023-08-23 07:36:30
26555410-4D77-D8D5-EC3D-13F20A454EBE,Garrett Kaufman,2024-06-22 20:57:58
5B789B8A-6A5C-E544-7B70-342C5295AEE6,Tyler Holmes,2023-06-15 08:28:12
C819203D-4EAD-D3D0-3A61-7265CB829B5D,Mariam Wiggins,2023-11-06 17:05:06
46A83D8E-DCCE-9059-AC31-15553ADDE56A,Stella Wynn,2025-01-11 21:06:36
68EBD407-51C1-A578-4C61-29CBA42C3F5A,Brock Thompson,2024-07-10 04:45:13
BDE96E19-17DA-CA9C-2582-A87FB2D89761,Brianna Travis,2024-08-28 02:43:17
31E2A1C8-8983-BC6C-E7B4-AFD88220EB5A,Ivy Wheeler,2025-03-01 16:31:51
BA3FA194-70D4-6EB2-9D93-14E6E1EA5A21,Finn Martinez,2024-01-24 07:22:28
9C086C18-1984-9886-C6A8-6C41386BFF81,Isaac Bradshaw,2023-10-26 09:44:00
89718113-A34E-8463-CD18-A6F771126140,Solomon Kline,2024-08-10 02:13:25
BB656252-5826-1257-CD38-E835956B377D,Rama Gaines,2024-01-24 11:37:23
68B58DD0-23D4-D927-FD96-ACA48BC0CC58,Tatiana Blackwell,2023-08-14 12:26:25
33C08197-341D-37A9-11E6-59631162A267,William Dennis,2023-04-25 16:36:57
2529FD2E-77B6-1A10-1326-662705661F3F,Clare Sparks,2024-01-16 15:36:18
0A9A3CC9-2537-E873-DC81-849C367A40A2,Drake Navarro,2024-06-25 19:37:24
017B7426-D3B6-1B2D-9A72-5BD3F229CD52,Melyssa Buckner,2024-01-13 05:32:04
DB5D6C61-0C7C-2F1B-C7B0-72C96B0DD254,Cherokee Hurley,2023-07-16 10:12:48
6B1A5566-4342-4EB2-DBD9-01A35B9EA839,Imogene Giles,2024-10-05 17:31:02
DD8889EC-A682-8CD3-8B9D-D3DBC6583295,Tyler Albert,2024-10-20 16:07:42
74358B15-DB32-BCE8-8711-EB4851E35861,Alden Young,2024-03-14 22:39:54
168A624B-4936-EEBE-E342-64DB419C8E64,Xantha Reeves,2024-06-05 09:41:41
57E845C6-E2CB-FE11-46E3-4996D3753F93,Elliott Travis,2023-06-09 21:16:48
1E53B8BB-B685-3A55-7286-475CB4CDBDD6,Demetria Hayden,2023-05-03 06:46:41
26D33EEC-9396-56FE-D6AA-91DB2963D7B0,Katelyn Wilcox,2023-05-19 06:24:29
F4AB67E3-A11E-4685-6774-41B2DB459072,Sharon Kelley,2025-01-09 15:56:19
FB86DE96-96EA-E57D-16A1-8D6670867942,Uta Elliott,2024-05-25 22:31:02
8E13A1D7-7E43-2C7B-2481-FD4D9CF5C554,Lunea Herman,2023-06-01 12:14:54
01E33D4A-590E-DB4A-35A5-53CD0CD36DCE,Rashad Foreman,2023-09-25 16:55:56
91E1E19C-EE94-3EF8-9917-519A9A396152,Damon Stephens,2023-07-14 09:12:58
9D4BCAD6-5399-C98C-82B6-E0C35DB58904,Isaiah Franco,2024-07-10 04:36:17
BA9F294E-A873-7FA5-09B6-8DEF99422468,Merrill Swanson,2024-12-05 20:21:11
D477B63A-7F12-44B9-E5C3-E0E9263CBB9A,Xander Olson,2024-08-10 08:16:14
DFD66523-3AED-CBB3-3B0E-3E91132A71AB,Patrick Cantrell,2024-02-13 08:47:52
7B65C645-7845-751C-94C6-686D214A3444,Pamela Norman,2025-01-12 12:41:54
D2225CB6-2F32-C633-EBD0-6C2C37B62516,Hunter Tate,2024-10-24 14:18:39
65D9BC13-A661-3786-A534-76C38FF69A1E,Omar White,2023-12-02 19:52:30
1333F5D9-B96D-930D-2537-E92B1E8FF5A2,Imelda Tran,2024-02-23 01:35:53
7276A93D-3DEE-52F2-068D-B435FD144CEB,Zeus Alston,2025-02-18 09:16:31
1DED7538-6C25-4AE6-C9C7-6718D122A99A,Duncan Parsons,2024-05-27 23:02:13
6E9ADBFC-CF46-6EC8-2DA3-194380DC46F3,Cole Daniel,2023-11-28 15:08:15
601CBFCD-AFB9-088E-77DE-E89E48B9DDBC,Alea Washington,2025-03-19 10:25:49
066ABC79-0C67-FFBD-6947-14F137812CAE,India Burnett,2025-03-07 00:54:54
EE62C541-9E3C-4EA3-8DA2-EB6A67661237,Lester Ware,2023-05-18 11:33:52
F07D6192-2B3C-B413-9F7E-746CA6EE138C,Declan Terrell,2024-07-15 17:16:28
8CD906CB-79A5-149B-95D3-7E417182F559,Kathleen Zamora,2025-02-13 10:56:24
C8CE694F-EA12-8D48-70DA-B8242F1EC336,Lee Wooten,2024-10-03 01:10:34
E63FDD91-EFEA-733D-357D-390481B58505,Hayfa Mclean,2023-08-15 03:36:30
36173249-3527-B3C5-3751-5C9D851CB1D2,Jack Rodgers,2024-12-18 13:17:41
EFAE0671-523B-D280-2D46-3084E7D929D9,Brendan Benjamin,2024-09-17 03:09:37
67CBE781-1E82-5158-1DC5-2588A495FC26,Odette Shelton,2024-12-03 14:56:51
6EB1292E-2269-F071-10B7-E06665246248,Nathan Casey,2024-02-16 07:13:10
D07724A1-C8A9-5E89-7397-8916EE204DCB,Jack Riggs,2024-06-15 02:39:16
